"","219","220","221","222","223","224","236","237","238","239","240","241","242","243","244","245","246","247","248","249","250","267","268","269","270","271","272","273","274","275","276","277","278","279","280","281","282","323","324","325","326","327","328","329","330","331","332","333","334","335","336","337","385","386","387","388","389","390","391","392","393","394","395","396","417","418","419","420","421","422","423","424","425","426","427","428","429","430","431","432","433","434","435","436","437","438","439","440","441","442","443"
"ALA",-0.184985073488181,-0.405765346183994,-0.483892815435172,-0.50247352017513,-0.847989989564578,-0.416705332248007,NA,NA,NA,NA,NA,NA,NA,NA,NA,NA,NA,0.616632685762125,0.00672121226336437,0.0540156142981817,0.659022560051975,0.219513927048667,-0.18550451234727,-0.123110125561892,-0.363652504188779,0.613822006318132,-0.0895453612718991,NA,-0.0312597587264927,0.613280678870424,0.212859348012492,0.496919326283054,NA,NA,NA,NA,NA,NA,NA,NA,NA,NA,NA,NA,NA,NA,NA,NA,0.1664398733795,-0.1249387366083,0.373262381756278,-0.344186912694131,-0.274963583597337,0.298373752020241,NA,0.346468034586933,0.199572354905204,-0.137086186217066,0.127279952423202,0,0.200014534969098,0.319358655415896,0,0.269740369689717,NA,NA,NA,NA,NA,NA,NA,NA,NA,NA,NA,NA,NA,NA,NA,NA,NA,NA,NA,NA,NA,NA,NA,NA,NA,NA,NA
"ARG",-0.170477345135418,-1.20335161107338,-0.0525290512761846,-0.572905731773132,-0.727358863549848,-0.412572145203868,NA,NA,NA,NA,NA,NA,NA,NA,NA,NA,NA,-0.00388690060264986,0.0181929601809471,-0.538955189564264,0.672731702034992,0.139512460985479,-0.145869152434872,0.132339751192605,-1.05158345239647,NA,0,NA,-0.0494412535747229,-0.0129637019299177,-0.29860782272667,-0.695151360684268,NA,NA,NA,NA,NA,NA,NA,NA,NA,NA,NA,NA,NA,NA,NA,NA,0.0434656937810903,0.531478917042255,0.552600626900026,-0.446849254591279,-0.557737115417125,-0.0553028084669055,NA,-0.216385853914854,-0.392387309518432,-0.18419775588517,0,0.359712544782267,-0.489195632077765,0.466912946832166,-0.631443769013172,0.296874035892824,NA,NA,NA,NA,NA,NA,NA,NA,NA,NA,NA,NA,NA,NA,NA,NA,NA,NA,NA,NA,NA,NA,NA,NA,NA,NA,NA
"ASN",NA,NA,0.162586315681203,NA,NA,-0.463202992535186,NA,NA,NA,NA,NA,NA,NA,NA,NA,NA,NA,NA,NA,NA,NA,0.533057616551598,-0.0802641355623058,0.411101454730008,-0.14117251248178,NA,-0.756676137231719,NA,-0.0882205614263386,0.469918859435338,0.504494709105555,0.590118087621174,NA,NA,NA,NA,NA,NA,NA,NA,NA,NA,NA,NA,NA,NA,NA,NA,-0.258832315869526,0.861697301833718,NA,-0.75436137778318,-0.167240701307063,NA,NA,0.414973347970818,NA,NA,0.311340141150159,NA,NA,0.811828975350636,NA,0.455931955649724,NA,NA,NA,NA,NA,NA,NA,NA,NA,NA,NA,NA,NA,NA,NA,NA,NA,NA,NA,NA,NA,NA,NA,NA,NA,NA,NA
"ASP",NA,-0.765174878750454,-0.321374363568765,-0.45929920143476,-0.740443661710737,-0.42660919025873,NA,NA,NA,NA,NA,NA,NA,NA,NA,NA,NA,NA,-0.550371633548075,-0.280889784276788,0.990015779093399,0.303910183273957,-0.474784484976206,-0.267606240177031,0.156396951072694,NA,-0.0176556164664228,NA,0.109201946196182,0.115663332701111,0.424769575094668,-0.0835460514500749,NA,NA,NA,NA,NA,NA,NA,NA,NA,NA,NA,NA,NA,NA,NA,NA,0.234083206033368,-0.224939826593498,0.398816486228666,-0.506914210191831,NA,0.265314443397447,NA,0.127786579481126,0.375663613960885,-0.558838434088184,0.52521996109524,1.06418616819943,0.0267342532472447,NA,-0.309684288490447,NA,NA,NA,NA,NA,NA,NA,NA,NA,NA,NA,NA,NA,NA,NA,NA,NA,NA,NA,NA,NA,NA,NA,NA,NA,NA,NA,NA
"CYS",-0.697096462448161,NA,-0.529650305995847,NA,-0.892815850561197,-0.260154020241787,NA,NA,NA,NA,NA,NA,NA,NA,NA,NA,NA,0.366469586437299,NA,-0.111070034664442,0.87462236039133,-0.450249108319361,-0.306181247313075,NA,-0.579166855539781,NA,NA,NA,0.0643896017798197,NA,NA,NA,NA,NA,NA,NA,NA,NA,NA,NA,NA,NA,NA,NA,NA,NA,NA,NA,NA,NA,NA,NA,NA,NA,NA,NA,NA,NA,NA,NA,NA,0.0060942033349035,NA,0.182930683585987,NA,NA,NA,NA,NA,NA,NA,NA,NA,NA,NA,NA,NA,NA,NA,NA,NA,NA,NA,NA,NA,NA,NA,NA,NA,NA,NA
"GLU",-0.306882509968769,-0.836669296131787,-0.393067588223839,-0.31634226467844,-0.686419269266821,-0.551869031859035,NA,NA,NA,NA,NA,NA,NA,NA,NA,NA,NA,NA,-0.144606287364081,NA,1.06919702514102,0.376068701651763,-0.323516809645557,-0.103749437538362,0.578731398689881,NA,-0.0163134477374756,NA,0.140268212277359,0.241587982291062,0.0754348998561321,-0.1627272974977,NA,NA,NA,NA,NA,NA,NA,NA,NA,NA,NA,NA,NA,NA,NA,NA,NA,0.146128035678238,0.149903041114683,NA,-0.473910964323737,0.216709109963945,NA,0.20242019777803,0.515325607389892,0.0170333392987804,0.334151546069906,1.03422294482199,-0.0982044833610553,0.217163045946156,-0.258531766043065,0.0613455889852746,NA,NA,NA,NA,NA,NA,NA,NA,NA,NA,NA,NA,NA,NA,NA,NA,NA,NA,NA,NA,NA,NA,NA,NA,NA,NA,NA
"GLN",0.0272214268403298,-0.331519317811881,-0.775632735328923,0,NA,-0.177967264054437,NA,NA,NA,NA,NA,NA,NA,NA,NA,NA,NA,NA,0.160253381512722,NA,NA,0.155631543581163,-0.153319828975868,-0.117385598717854,NA,0.835601429654207,-0.302784723230532,NA,0.074149439068976,0.392696953259666,0.485138329669176,0,NA,NA,NA,NA,NA,NA,NA,NA,NA,NA,NA,NA,NA,NA,NA,NA,-0.213074825308851,0.513638088545425,0.282944769590694,-0.247276899686075,-0.23782177559277,0.285790029107244,NA,0.165625825377516,0.36688968965338,0,0.584805651079484,1.08702677907596,0.204379340371548,NA,-0.668706231132115,0.0659608766489621,NA,NA,NA,NA,NA,NA,NA,NA,NA,NA,NA,NA,NA,NA,NA,NA,NA,NA,NA,NA,NA,NA,NA,NA,NA,NA,NA
"GLY",-0.210322311302545,-0.331519317811881,-0.374080714084768,-0.534030351898538,-1.08013869582075,-0.423385014486086,NA,NA,NA,NA,NA,NA,NA,NA,NA,NA,NA,-0.391095133164567,-0.273308793640988,0.183422170153845,0.512260054601427,0.0189396065637201,-0.120633747262952,-0.340094018503624,-0.859993465115475,-0.455114428094123,-0.244016557133068,NA,0,0.0452933371470934,0,-0.275431577688988,NA,NA,NA,NA,NA,NA,NA,NA,NA,NA,NA,NA,NA,NA,NA,NA,-0.106455330914287,0.355387657986574,0.114094832769448,-0.537311511048593,-0.314210121456225,0.0474246499281381,NA,0.448725883160197,0.22462207478838,-0.0466531584491941,0.417314563785721,0.298937006158137,0,-0.0258750027401383,-0.279721065113004,-0.0359125558906444,NA,NA,NA,NA,NA,NA,NA,NA,NA,NA,NA,NA,NA,NA,NA,NA,NA,NA,NA,NA,NA,NA,NA,NA,NA,NA,NA
"HIS",-0.0583271095369205,NA,-0.113226891629796,0.070925615741226,NA,-0.391847083999518,NA,NA,NA,NA,NA,NA,NA,NA,NA,NA,NA,NA,-0.240741466122176,NA,0.864883204284201,0.154152098823504,-0.344848058212397,-0.190617512252278,-0.0319287643999984,0.676939320795157,-0.408902738025412,NA,-0.203847880487854,0.459224337274001,0.522395927574241,0.128757380260051,NA,NA,NA,NA,NA,NA,NA,NA,NA,NA,NA,NA,NA,NA,NA,NA,0.604439693073317,0.1249387366083,0,-0.00753441789725764,0.176091259055681,0.477121254719662,NA,NA,0.392054030149055,-0.270963010613149,0.389000214077251,1.11185036280099,NA,0.600975610035742,0.0688271683432648,0.346787486224656,NA,NA,NA,NA,NA,NA,NA,NA,NA,NA,NA,NA,NA,NA,NA,NA,NA,NA,NA,NA,NA,NA,NA,NA,NA,NA,NA
"ILE",-0.0930892157961326,NA,-0.496226550508897,NA,-0.155248253323534,-0.290389443240741,NA,NA,NA,NA,NA,NA,NA,NA,NA,NA,NA,NA,0,0,0.974027673709269,NA,0.0244712149577072,-0.0835460514500749,NA,NA,-0.258365583442119,NA,0.400423045460768,0.442947343515806,0.703226222544028,0.525247322536856,NA,NA,NA,NA,NA,NA,NA,NA,NA,NA,NA,NA,NA,NA,NA,NA,0.0656787756439777,0.234083206033368,NA,NA,0,0,NA,NA,NA,-0.260912772455999,NA,NA,NA,NA,NA,0.0879551703551301,NA,NA,NA,NA,NA,NA,NA,NA,NA,NA,NA,NA,NA,NA,NA,NA,NA,NA,NA,NA,NA,NA,NA,NA,NA,NA,NA
"LEU",-0.147408677969373,-0.974971994298069,-0.830680301659828,-0.763395333256839,0,0,NA,NA,NA,NA,NA,NA,NA,NA,NA,NA,NA,0.472153523752861,-0.142018112350651,-0.555757845443475,0.0139279364988106,-0.275485187375719,-0.1352618420167,0.169751081024662,-0.96798748490911,0.33052824286167,-0.29803828820607,NA,-0.113969518731683,0.62502205009368,0.729600859638798,0.291531074262459,NA,NA,NA,NA,NA,NA,NA,NA,NA,NA,NA,NA,NA,NA,NA,NA,0.230043228231628,0.113356864058485,0.367976785294594,-0.633317685058404,-0.132586373800582,0.0564813559524481,NA,-0.0457574905606751,0.0372518906755721,-0.8975742284723,0.03513372921121,0.259065494120445,0.0310430170363641,0.465486691094134,-0.218103108987457,0.449591777618705,NA,NA,NA,NA,NA,NA,NA,NA,NA,NA,NA,NA,NA,NA,NA,NA,NA,NA,NA,NA,NA,NA,NA,NA,NA,NA,NA
"LYS",-0.116782915208053,NA,-0.11252698095147,-0.270722230831019,NA,NA,NA,NA,NA,NA,NA,NA,NA,NA,NA,NA,NA,0.496704662855548,-0.170160391836469,NA,0.893105766085343,0.0411125855149116,0.0203701978752056,0,NA,NA,-0.321752562306512,NA,-0.101941819986705,NA,0.0298455124451863,NA,NA,NA,NA,NA,NA,NA,NA,NA,NA,NA,NA,NA,NA,NA,NA,NA,0.223087821731905,0.449969008676048,0.736691539300152,-0.930452636838861,0.297291426104579,0.176091259055681,NA,0.338082196591742,0.448439947252222,NA,NA,NA,0.0446784975040358,0.375310060745046,-0.207379243595684,0.312025379965444,NA,NA,NA,NA,NA,NA,NA,NA,NA,NA,NA,NA,NA,NA,NA,NA,NA,NA,NA,NA,NA,NA,NA,NA,NA,NA,NA
"MET",NA,-0.331519317811881,NA,-0.828363082370569,-0.0600789018917786,-0.108545855295968,NA,NA,NA,NA,NA,NA,NA,NA,NA,NA,NA,0.596918507815573,0.271796445819943,0.162807714955925,NA,-0.0236127441217436,-0.0639194177465575,0.0917703733556454,NA,0.52712171185974,-0.4722454033872,NA,-0.242172882484122,0.656902087032522,NA,0.355786642380188,NA,NA,NA,NA,NA,NA,NA,NA,NA,NA,NA,NA,NA,NA,NA,NA,0.266267889404769,0.505149978319906,0.593577562411257,-0.545101755474844,-0.489633748586569,0.020203386088287,NA,0,-0.264184938256477,NA,-0.156021276280347,0.555547862033706,0.0514118801630042,0.53021202073079,-0.469385131357959,0,NA,NA,NA,NA,NA,NA,NA,NA,NA,NA,NA,NA,NA,NA,NA,NA,NA,NA,NA,NA,NA,NA,NA,NA,NA,NA,NA
"PHE",-0.0955936161381145,-0.711730559523488,NA,-0.581946141263475,-0.00177507376467156,-0.162172996871205,NA,NA,NA,NA,NA,NA,NA,NA,NA,NA,NA,0.574745528864382,-0.229474393052451,NA,0.160712006262374,-0.250157572859913,-0.0735481076749397,0.0696359281413945,NA,NA,-0.193746875522104,NA,NA,NA,NA,NA,NA,NA,NA,NA,NA,NA,NA,NA,NA,NA,NA,NA,NA,NA,NA,NA,-0.0389180660303697,0.723394603667437,NA,-0.16809565363845,NA,NA,NA,NA,0.20933219219436,NA,NA,0.634729108081331,0.334713108866554,0.652128132483124,NA,-0.167317334748176,NA,NA,NA,NA,NA,NA,NA,NA,NA,NA,NA,NA,NA,NA,NA,NA,NA,NA,NA,NA,NA,NA,NA,NA,NA,NA,NA
"PRO",-0.106317481529888,-0.718909144150611,-0.84840906862026,-0.465273084923513,-1.28924860443088,-0.777934265876555,NA,NA,NA,NA,NA,NA,NA,NA,NA,NA,NA,-0.40121623026818,-0.694025050098457,-0.092090559635726,0.100714076587089,-0.273705694634703,-0.281178978343019,-0.200359833782618,NA,0.603520648968178,-1.21260809288144,NA,0.0687544071822698,0,-0.163550604818965,-0.11466585202746,NA,NA,NA,NA,NA,NA,NA,NA,NA,NA,NA,NA,NA,NA,NA,NA,0.172426304969276,0.1249387366083,-0.0153277915280985,-0.4005633792651,-0.394607879453064,0.186075479962282,NA,0.142144729527993,0.232572615008129,-0.912531543224785,0.214430128142103,0.820365685043242,-0.48690383529818,0.863426699766172,-0.692187326981638,0.336879197564407,NA,NA,NA,NA,NA,NA,NA,NA,NA,NA,NA,NA,NA,NA,NA,NA,NA,NA,NA,NA,NA,NA,NA,NA,NA,NA,NA
"SER",-0.197992541710147,0,-0.0262001125538355,-0.491715227496792,-0.783944866335282,-0.524948588479991,NA,NA,NA,NA,NA,NA,NA,NA,NA,NA,NA,0.0442502917033799,0.0546990768176933,0.324031696469333,0.917579535468543,0.332419164241295,-0.298693225920525,0.0801582869139366,0,0.579438832533796,-1.08766935627314,NA,-0.0540508417915631,0.465686967417829,0.606316209535972,0.376541863970807,NA,NA,NA,NA,NA,NA,NA,NA,NA,NA,NA,NA,NA,NA,NA,NA,0.289600533883199,0.26240059330785,0.262024922825366,0,-0.378272678379317,0.2498774732166,NA,0.307370173695,0.360058540630309,-0.289848354773523,0.624471189918199,0.504395339586324,-0.345233658156035,0.421067551305721,-0.056255924085511,0.330007306059773,NA,NA,NA,NA,NA,NA,NA,NA,NA,NA,NA,NA,NA,NA,NA,NA,NA,NA,NA,NA,NA,NA,NA,NA,NA,NA,NA
"THR",-0.185498727577512,-0.331519317811881,0,-0.289093920902062,-0.922175188119111,-0.00187600499875531,NA,NA,NA,NA,NA,NA,NA,NA,NA,NA,NA,0.392023690909687,-0.204464623006454,0.383711318427968,1.14837827118865,0,-0.123973063447712,-0.156347200859924,-0.944629628130194,0.329274552240984,-1.22484254929846,NA,0.239545888500428,0.40076874025608,0.303428472271623,0.262476157956469,NA,NA,NA,NA,NA,NA,NA,NA,NA,NA,NA,NA,NA,NA,NA,NA,0,0,0.2498774732166,-0.127477802730186,-0.196429090434545,0.127104798364808,NA,0.106852672645483,0.0412098628099545,-0.207401230183948,0.282181912408946,0.596940547191931,0.0664756265988801,0.203374761460523,-0.230503042442822,0.522878745280338,NA,NA,NA,NA,NA,NA,NA,NA,NA,NA,NA,NA,NA,NA,NA,NA,NA,NA,NA,NA,NA,NA,NA,NA,NA,NA,NA
"TRP",-0.359042797619314,-0.428429330819938,-0.600713661821292,-0.632112750729206,-0.674583712673999,-0.478997259718418,NA,NA,NA,NA,NA,NA,NA,NA,NA,NA,NA,NA,-0.443867260289215,-0.0234006783912979,0.527350440784706,-0.0497654627232317,-0.0672991583979382,-0.0424038485530872,NA,NA,-0.212608092881444,NA,NA,0.29887433287974,0.245849026020123,NA,NA,NA,NA,NA,NA,NA,NA,NA,NA,NA,NA,NA,NA,NA,NA,NA,NA,NA,NA,-0.59599888568793,NA,0.342422680822206,NA,0.134698573897456,0,-0.622129974103297,0.0103101454861778,0.295910551527949,0.0245397337627028,0.13642797182991,NA,0.37954360978627,NA,NA,NA,NA,NA,NA,NA,NA,NA,NA,NA,NA,NA,NA,NA,NA,NA,NA,NA,NA,NA,NA,NA,NA,NA,NA,NA
"TYR",-0.29239296149217,NA,-0.429947392803621,-0.29550011618363,NA,NA,NA,NA,NA,NA,NA,NA,NA,NA,NA,NA,NA,NA,NA,0.192770938333368,NA,-0.328633222518529,-0.255906974875615,-0.0427519804209498,-0.350687527024411,NA,-0.0176556164664228,NA,NA,0.309339766557905,0.519390417434516,NA,NA,NA,NA,NA,NA,NA,NA,NA,NA,NA,NA,NA,NA,NA,NA,NA,0.0579919469776867,0.301029995663981,NA,-0.62039332463308,-0.23782177559277,0.513515026574706,NA,0.241172183583686,NA,-0.306837267241729,0.0480987063755776,0.458637849025649,-0.424954735823077,0.358276721446266,0.218589488676597,0.0860206705779303,NA,NA,NA,NA,NA,NA,NA,NA,NA,NA,NA,NA,NA,NA,NA,NA,NA,NA,NA,NA,NA,NA,NA,NA,NA,NA,NA
"VAL",0,-0.356342901536914,-0.397024740721256,-0.495106113595448,-0.400666102011864,-0.0039791300865197,NA,NA,NA,NA,NA,NA,NA,NA,NA,NA,NA,0.708892267259505,-0.318109371406333,8.04174582249547e-05,0,-0.0671204575905357,0,-0.0442036624920534,-1.0544564142422,0.0422102127138262,-0.724491453860318,NA,-0.0348616270431391,0.665198317950907,0.296087118406252,0.457061460790694,NA,NA,NA,NA,NA,NA,NA,NA,NA,NA,NA,NA,NA,NA,NA,NA,0.288668904319143,0.457816099524276,0.325489599960277,-0.84151155350208,0.222431553839597,0.0552227910586822,NA,0.188680386363702,-0.194211693995676,-0.522475366843148,-0.148722037538848,-0.0516517689466678,-0.163258284826229,0.486675990164072,0.109445019251529,0.26135729090003,NA,NA,NA,NA,NA,NA,NA,NA,NA,NA,NA,NA,NA,NA,NA,NA,NA,NA,NA,NA,NA,NA,NA,NA,NA,NA,NA
